{"cameraMode":{"drawMode":0,"name":"Shaded","section":"Shading Mode"},"sceneLighting":false,"audioPlay":false,"sceneViewState":{"showFog":true,"showMaterialUpdate":false,"showSkybox":true,"showFlares":true,"showImageEffects":true,"showParticleSystems":true},"in2DMode":false,"pivot":{"x":-54.86292266845703,"y":27.082548141479493,"z":-25.358959197998048},"rotation":{"x":-0.0346866212785244,"y":0.9640781283378601,"z":-0.2103375941514969,"w":-0.15900380909442902},"size":1.4730160236358643,"orthographic":false}