{"cameraMode":{"drawMode":0,"name":"Shaded","section":"Shading Mode"},"sceneLighting":true,"audioPlay":false,"sceneViewState":{"showFog":false,"showMaterialUpdate":true,"showSkybox":true,"showFlares":true,"showImageEffects":true,"showParticleSystems":true},"in2DMode":false,"pivot":{"x":-4.8451032638549809,"y":1.7495315074920655,"z":7.277737617492676},"rotation":{"x":0.06428908556699753,"y":-0.4160875678062439,"z":0.029559515416622163,"w":0.9067061543464661},"size":3.0569205284118654,"orthographic":false}