{"cameraMode":{"drawMode":0,"name":"Shaded","section":"Shading Mode"},"sceneLighting":true,"audioPlay":false,"sceneViewState":{"showFog":true,"showMaterialUpdate":false,"showSkybox":true,"showFlares":true,"showImageEffects":true,"showParticleSystems":true},"in2DMode":false,"pivot":{"x":-47.320945739746097,"y":25.372875213623048,"z":-24.513286590576173},"rotation":{"x":-0.05548210069537163,"y":0.6410130858421326,"z":-0.04677296057343483,"w":-0.7642531394958496},"size":1.5003764629364014,"orthographic":false}