{"cameraMode":{"drawMode":0,"name":"Shaded","section":"Shading Mode"},"sceneLighting":true,"audioPlay":false,"sceneViewState":{"showFog":true,"showMaterialUpdate":false,"showSkybox":true,"showFlares":true,"showImageEffects":true,"showParticleSystems":true},"in2DMode":false,"pivot":{"x":-46.47188949584961,"y":25.55159568786621,"z":-24.671342849731447},"rotation":{"x":0.07271507382392883,"y":0.6985397338867188,"z":-0.07171735167503357,"w":0.7082492113113403},"size":0.9370772242546082,"orthographic":false}