{"cameraMode":{"drawMode":0,"name":"Shaded","section":"Shading Mode"},"sceneLighting":true,"audioPlay":false,"sceneViewState":{"showFog":true,"showMaterialUpdate":false,"showSkybox":true,"showFlares":true,"showImageEffects":true,"showParticleSystems":true},"in2DMode":false,"pivot":{"x":-11.344317436218262,"y":0.9728251099586487,"z":4.351856708526611},"rotation":{"x":0.015746397897601129,"y":0.9308478832244873,"z":-0.036050982773303989,"w":0.3637259900569916},"size":1.3414522409439088,"orthographic":false}