{"cameraMode":{"drawMode":0,"name":"Shaded","section":"Shading Mode"},"sceneLighting":false,"audioPlay":false,"sceneViewState":{"showFog":true,"showMaterialUpdate":false,"showSkybox":false,"showFlares":true,"showImageEffects":true,"showParticleSystems":true},"in2DMode":false,"pivot":{"x":0.9301087260246277,"y":0.5098820924758911,"z":1.7310872077941895},"rotation":{"x":0.0010973989265039564,"y":-0.9908135533332825,"z":0.0077335648238658909,"w":0.13542696833610536},"size":0.6571244597434998,"orthographic":false}