{"cameraMode":{"drawMode":0,"name":"Shaded","section":"Shading Mode"},"sceneLighting":true,"audioPlay":false,"sceneViewState":{"showFog":true,"showMaterialUpdate":false,"showSkybox":true,"showFlares":true,"showImageEffects":true,"showParticleSystems":true},"in2DMode":false,"pivot":{"x":-110.0121078491211,"y":1.9297738075256348,"z":-74.01351165771485},"rotation":{"x":0.0019760681316256525,"y":0.8810036778450012,"z":0.0036941550206393005,"w":-0.4731847941875458},"size":67.3608627319336,"orthographic":false}