{"cameraMode":{"drawMode":0,"name":"Shaded","section":"Shading Mode"},"sceneLighting":true,"audioPlay":false,"sceneViewState":{"showFog":true,"showMaterialUpdate":false,"showSkybox":true,"showFlares":true,"showImageEffects":true,"showParticleSystems":true},"in2DMode":false,"pivot":{"x":3.560502290725708,"y":1.1567997932434083,"z":2.5598273277282717},"rotation":{"x":0.07140934467315674,"y":-0.9124938249588013,"z":0.18047304451465608,"w":0.36037907004356387},"size":3.316624879837036,"orthographic":false}